feature,importance
vuln_low_count,0.0800724559238491
vuln_medium_count,0.08
push_triggered_runs,0.08
pipeline_runs_total,0.07015976331360946
pipeline_runs_failed,0.06805346700083542
container_misconfigurations,0.062448979591836734
change_failure_rate,0.053489177489177496
workflows_concurrent_count,0.05321699215816863
security_risk_score,0.05
container_vulnerabilities,0.04591760698318075
artifacts_size_mb,0.04145833333333333
artifacts_generated_count,0.04
sast_code_smells,0.04
iac_misconfigurations,0.036
vuln_high_count,0.02
http_response_time_p99_ms,0.012648712866730144
dns_queries_count,0.008358732176913995
status_5xx_count,0.006989195678271307
commit_size_max_lines,0.006594210742817557
python_vulnerabilities,0.006390977443609023
main_branch_runs,0.006060606060606061
vuln_critical_count,0.005909090909090908
stage_security_scan_seconds,0.005764705882352942
files_changed_count,0.005612387612387613
pipeline_duration_max_seconds,0.005612387612387613
pipeline_duration_avg_seconds,0.005555555555555556
load_avg_1min,0.005355191256830602
container_memory_total_mb,0.004666666666666668
container_exit_code_0_count,0.004285714285714287
requests_get_count,0.004269780411293136
container_memory_avg_mb,0.004201388888888888
node_ready_count,0.004117647058823529
vuln_fixed_count,0.00409090909090909
stage_checkout_seconds,0.004000000000000001
network_rx_mb,0.003980861244019138
binary_files_changed_count,0.00393939393939394
network_policy_violations,0.00393939393939394
disk_usage_percent,0.003885375690882835
status_3xx_count,0.00362962962962963
pipeline_duration_anomaly_score,0.003333333333333333
workflow_queue_time_seconds,0.003168602825745684
container_exit_nonzero_count,0.003110047846889954
rollback_rate,0.0030612244897959195
readiness_probe_failures,0.0029090909090909093
scans_failed_count,0.0029090909090909093
pipeline_duration_std_seconds,0.0028402366863905324
memory_usage_percent,0.0028402366863905324
error_rate_percent,0.002818110850897734
service_uptime_percent,0.0028125
disk_io_write_mb,0.002805194805194805
bot_requests_count,0.002805194805194805
test_coverage_percent,0.002800000000000001
cve_count,0.0018448438978240305
lines_deleted_total,0.0015824175824175814
status_4xx_count,0.0015824175824175814
scale_up_events_count,0.0015824175824175814
memory_usage_max_mb,0.0015277777777777779
build_failures_count,0.0015104895104895107
unique_images_count,0.0014814814814814814
stage_docker_build_seconds,0.0
deployments_per_day,0.0
deployments_count,0.0
mttr_hours,0.0
test_coverage_delta,0.0
stage_test_seconds,0.0
stage_build_seconds,0.0
vuln_age_avg_days,0.0
vuln_new_count,0.0
secrets_verified_count,0.0
secrets_detected_count,0.0
npm_vulnerabilities,0.0
sast_security_issues,0.0
lead_time_hours,0.0
lint_failures_count,0.0
pipeline_success_rate,0.0
test_failures_count,0.0
cwe_count,0.0
scan_duration_avg_seconds,0.0
pipeline_runs_success,0.0
pipeline_runs_cancelled,0.0
code_review_time_avg_hours,0.0
force_push_count,0.0
commits_unusual_hours_count,0.0
commits_no_message_count,0.0
code_duplication_percent,0.0
commit_message_length_avg,0.0
cyclomatic_complexity_avg,0.0
pull_requests_merged_count,0.0
large_commits_count,0.0
pull_requests_count,0.0
branches_deleted_count,0.0
branches_created_count,0.0
commit_size_avg_lines,0.0
new_authors_count,0.0
lines_added_total,0.0
lines_changed_total,0.0
job_retry_count,0.0
schedule_triggered_runs,0.0
workflow_rerun_count,0.0
unique_authors_count,0.0
commits_per_day_avg,0.0
commit_time_variance,0.0
commits_count,0.0
manual_triggered_runs,0.0
feature_branch_runs,0.0
pods_failed_count,0.0
pods_deleted_count,0.0
pods_created_count,0.0
container_cpu_total_cores,0.0
pods_evicted_count,0.0
images_pushed_count,0.0
images_pulled_count,0.0
deployment_duration_max_seconds,0.0
deployment_duration_avg_seconds,0.0
rollbacks_count,0.0
deployment_success_rate,0.0
deployments_successful_count,0.0
deployments_failed_count,0.0
time_between_deployments_hours,0.0
prod_deployments_count,0.0
argocd_sync_failures,0.0
config_drift_detected_count,0.0
staging_deployments_count,0.0
blue_green_deployments_count,0.0
canary_deployments_count,0.0
rolling_update_count,0.0
argocd_sync_count,0.0
argocd_out_of_sync_count,0.0
cpu_usage_std,0.0
cpu_usage_max_percent,0.0
cpu_usage_avg_percent,0.0
deployments_without_notes_count,0.0
emergency_deployments_count,0.0
replica_count_avg,0.0
liveness_probe_failures,0.0
scale_down_events_count,0.0
unsigned_images_count,0.0
images_from_unknown_registries,0.0
container_cpu_throttled_count,0.0
commits_without_review_count,0.0
containers_restarted_count,0.0
containers_killed_count,0.0
containers_stopped_count,0.0
containers_started_count,0.0
load_avg_15min,0.0
load_avg_5min,0.0
network_dropped_packets,0.0
network_errors_count,0.0
disk_iops_avg,0.0
network_tx_mb,0.0
memory_oom_count,0.0
disk_io_read_mb,0.0
memory_usage_avg_mb,0.0
cpu_throttling_count,0.0
deployments_unusual_hours_count,0.0
pod_failed_count,0.0
container_cpu_avg_percent,0.0
pod_pending_count,0.0
node_not_ready_count,0.0
process_count,0.0
http_response_time_avg_ms,0.0
health_check_failures,0.0
memory_limit_hit_count,0.0
cpu_limit_hit_count,0.0
node_count_total,0.0
http_response_time_p95_ms,0.0
http_5xx_count,0.0
http_4xx_count,0.0
requests_per_second_max,0.0
requests_per_second_avg,0.0
requests_total_count,0.0
resource_spike_count,0.0
requests_delete_count,0.0
container_restart_count,0.0
file_descriptors_open,0.0
thread_count,0.0
status_2xx_count,0.0
requests_post_count,0.0
requests_put_count,0.0
endpoint_diversity_score,0.0
unique_user_agents_count,0.0
unique_ips_count,0.0
requests_per_ip_avg,0.0
unique_endpoints_count,0.0
unique_countries_count,0.0
request_size_avg_bytes,0.0
response_size_avg_bytes,0.0
auth_attempts_count,0.0
auth_failures_count,0.0
auth_failure_rate,0.0
suspicious_payloads_count,0.0
requests_per_ip_max,0.0
sql_injection_attempts,0.0
rate_limit_hits_count,0.0
network_egress_mb,0.0
network_ingress_mb,0.0
connections_established_count,0.0
connections_closed_count,0.0
connections_active_avg,0.0
network_total_mb,0.0
http_traffic_percent,0.0
https_traffic_percent,0.0
unique_external_ips_count,0.0
external_connections_suspicious,0.0
bandwidth_utilization_percent,0.0
network_latency_avg_ms,0.0
network_latency_p99_ms,0.0
network_anomalies_count,0.0
